Timestamp [ms], X [mm], Y [mm], Z [mm], Heading [degrees], Pitch [degrees], Roll [degrees], Filename
570.264101, -189.740975, -294.531417, 966.197902, -0.436938, 0.185878, 0.066093, image00000.jpg
586.543798, -189.906117, -294.649539, 966.160886, -0.429407, 0.188517, 0.054646, image00001.jpg
621.828794, -190.629892, -295.387054, 965.990616, -0.542524, 0.153490, 0.058141, image00002.jpg
640.867949, -190.757027, -295.488581, 965.948333, -0.531243, 0.170103, 0.063746, image00003.jpg
661.306858, -190.851247, -295.518706, 965.916386, -0.525709, 0.194994, 0.084055, image00004.jpg
696.695805, -191.291205, -295.883631, 965.841043, -0.500111, 0.241140, 0.113433, image00005.jpg
723.154783, -191.756760, -296.679853, 965.894974, -0.571833, 0.244492, 0.102984, image00006.jpg
765.496969, -192.197337, -297.350820, 966.050311, -0.482524, 0.201466, 0.093319, image00007.jpg
802.939177, -192.412825, -297.662810, 966.198619, -0.556025, 0.112249, -0.053841, image00008.jpg
821.547985, -192.300763, -298.432709, 966.510175, -0.561291, 0.228722, 0.098671, image00009.jpg
865.649462, -192.294716, -298.926507, 966.796107, -0.516221, 0.206443, 0.078843, image00010.jpg
907.826662, -192.164615, -299.185518, 966.974255, -0.504969, 0.184202, 0.086247, image00011.jpg
930.854082, -191.925627, -299.978331, 967.496164, -0.510170, 0.174690, 0.092038, image00012.jpg
964.509249, -191.822410, -300.968105, 968.117059, -0.519356, 0.148278, 0.097765, image00013.jpg
985.691071, -191.769691, -301.080864, 968.185798, -0.513234, 0.124189, 0.110865, image00014.jpg
1020.728350, -191.563968, -301.839037, 968.651499, -0.512175, 0.112101, 0.116013, image00015.jpg
1051.456690, -191.182491, -302.626762, 969.198816, -0.565010, 0.145918, 0.154859, image00016.jpg
1087.462902, -190.831322, -303.448901, 969.595529, -0.636637, 0.165124, 0.178507, image00017.jpg
1120.563745, -190.621007, -303.705087, 969.777380, -0.580595, 0.129739, 0.149394, image00018.jpg
1153.246880, -190.049181, -304.470126, 970.280206, -0.503931, 0.086036, 0.169458, image00019.jpg
1200.848341, -189.665784, -305.397951, 970.716981, -0.607865, 0.065521, 0.089662, image00020.jpg
1217.239618, -189.689176, -305.506705, 970.768548, -0.614837, 0.038636, 0.041209, image00021.jpg
1253.450394, -188.963101, -306.618832, 971.086244, -0.525808, 0.034798, 0.161947, image00022.jpg
1286.036730, -188.559347, -307.408671, 971.275248, -0.537525, 0.012123, 0.158871, image00023.jpg
1322.241545, -188.110759, -308.286215, 971.485240, -0.550543, -0.013069, 0.155453, image00024.jpg
1372.611284, -187.637376, -309.190583, 971.648814, -0.522794, -0.018243, 0.147127, image00025.jpg
1383.579254, -187.620308, -309.228166, 971.647282, -0.518918, -0.015885, 0.145622, image00026.jpg
1434.712648, -187.252803, -310.233475, 971.738446, -0.605637, -0.024160, 0.065519, image00027.jpg
1452.039719, -186.965822, -310.860150, 971.699911, -0.523132, 0.021964, 0.127592, image00028.jpg
1487.008810, -186.664497, -311.707357, 971.804412, -0.574603, -0.010757, 0.070446, image00029.jpg
1520.987749, -186.348897, -312.219257, 971.827812, -0.606109, 0.045091, 0.085091, image00030.jpg
1553.569794, -185.974584, -313.299487, 971.862797, -0.552204, 0.084921, 0.077671, image00031.jpg
1584.761620, -185.751029, -313.837247, 971.852805, -0.535414, 0.032697, 0.107331, image00032.jpg
1618.175507, -185.633510, -313.985234, 971.862613, -0.536081, 0.047445, 0.108473, image00033.jpg
1665.183783, -185.171828, -315.081107, 971.966773, -0.575163, 0.131655, 0.123454, image00034.jpg
1685.719252, -184.698135, -316.397303, 972.159436, -0.532213, 0.008047, 0.107479, image00035.jpg
1721.723080, -184.376605, -316.980887, 972.283661, -0.542925, 0.026555, 0.145960, image00036.jpg
1753.298759, -184.325973, -317.145427, 972.306756, -0.533606, 0.021528, 0.144541, image00037.jpg
1796.285629, -184.166040, -318.316631, 972.500043, -0.682517, 0.067904, 0.112739, image00038.jpg
1817.080736, -183.904702, -319.248672, 972.543964, -0.563467, 0.004634, 0.148869, image00039.jpg
1854.272604, -183.831045, -319.760448, 972.633349, -0.583126, -0.039241, 0.122644, image00040.jpg
1895.418882, -183.370154, -320.991296, 972.615265, -0.624113, 0.017439, 0.093099, image00041.jpg
1918.965101, -183.298700, -321.448605, 972.548456, -0.652788, 0.014608, 0.121388, image00042.jpg
1950.826168, -183.221734, -322.042643, 972.449527, -0.678922, 0.014457, 0.151096, image00043.jpg
1985.449553, -183.214156, -322.592680, 972.309128, -0.658470, 0.028488, 0.150322, image00044.jpg
2022.054672, -183.206144, -323.174198, 972.160693, -0.636847, 0.043321, 0.149505, image00045.jpg
2054.562092, -183.199029, -323.690620, 972.028875, -0.617645, 0.056494, 0.148778, image00046.jpg
2095.430613, -183.178598, -324.140380, 971.923140, -0.604075, 0.066687, 0.146604, image00047.jpg
2119.965076, -183.036841, -324.697386, 971.824335, -0.647652, 0.076675, 0.124323, image00048.jpg
2163.109541, -183.003618, -324.844013, 971.743489, -0.624723, 0.069011, 0.115421, image00049.jpg
2198.159456, -182.962038, -325.434481, 971.509200, -0.609102, 0.109169, 0.100420, image00050.jpg
2241.110802, -182.792572, -325.981212, 971.314376, -0.655939, 0.163490, 0.120645, image00051.jpg
2267.268181, -182.596917, -326.357512, 971.131758, -0.601174, 0.288662, 0.106208, image00052.jpg
2297.531605, -182.553031, -326.412384, 971.118472, -0.600046, 0.299507, 0.105918, image00053.jpg
2336.907148, -181.927307, -327.065606, 970.913980, -0.701419, 0.333947, 0.005523, image00054.jpg
2361.398458, -181.654449, -327.114420, 970.866462, -0.692757, 0.382781, 0.024346, image00055.jpg
2413.762808, -181.092170, -327.255416, 970.924696, -0.743571, 0.432047, 0.057260, image00056.jpg
2448.823929, -178.945608, -326.920809, 970.853092, -0.734506, 0.561457, 0.108608, image00057.jpg
2461.987257, -178.379035, -326.784680, 970.852847, -0.741710, 0.575018, 0.111139, image00058.jpg
2484.835386, -177.395611, -326.548396, 970.852421, -0.754214, 0.598557, 0.115533, image00059.jpg
2524.320364, -175.696106, -326.140061, 970.851685, -0.775823, 0.639235, 0.123127, image00060.jpg
2556.320667, -174.318756, -325.809128, 970.851088, -0.793336, 0.672202, 0.129281, image00061.jpg
2587.406158, -172.980781, -325.487657, 970.850509, -0.810349, 0.704227, 0.135259, image00062.jpg
2632.167578, -171.054169, -325.024755, 970.849675, -0.834846, 0.750341, 0.143868, image00063.jpg
2678.019524, -168.537604, -324.122887, 970.656572, -0.770306, 0.781874, 0.145586, image00064.jpg
2692.390442, -166.973840, -323.627283, 970.564322, -0.773014, 0.772564, 0.155701, image00065.jpg
2730.647087, -163.850781, -322.634678, 970.442416, -0.919743, 0.757735, 0.019138, image00066.jpg
2760.092974, -161.806326, -321.766440, 970.280590, -0.850614, 0.846177, 0.147778, image00067.jpg
2794.869661, -160.566171, -321.238842, 970.183092, -0.839465, 0.862477, 0.160850, image00068.jpg
2825.320721, -157.048788, -319.990673, 969.941918, -0.899898, 0.861846, 0.186251, image00069.jpg
2858.318329, -152.419664, -318.049517, 969.557893, -0.828000, 0.953573, 0.208455, image00070.jpg
2894.961119, -147.207980, -315.975028, 969.355111, -0.823125, 0.980244, 0.212880, image00071.jpg
2924.380779, -143.023637, -314.309468, 969.192303, -0.819211, 1.001657, 0.216432, image00072.jpg
2955.247879, -138.633427, -312.561962, 969.021484, -0.815104, 1.024124, 0.220160, image00073.jpg
2992.699146, -133.306753, -310.441702, 968.814229, -0.810122, 1.051383, 0.224682, image00074.jpg
3028.698206, -128.985985, -308.733033, 968.684433, -0.799212, 1.038023, 0.216806, image00075.jpg
3063.915014, -122.745371, -306.347502, 968.576042, -0.884567, 1.015283, 0.196281, image00076.jpg
3093.316078, -121.678400, -305.892607, 968.530509, -0.903420, 1.055037, 0.245047, image00077.jpg
3130.582333, -111.522944, -301.713163, 968.194909, -0.842352, 1.215127, 0.270711, image00078.jpg
3162.466764, -104.278642, -298.773159, 967.993744, -0.872359, 1.186189, 0.345270, image00079.jpg
3195.930481, -102.482019, -298.064151, 967.962660, -0.843777, 1.149141, 0.319411, image00080.jpg
3244.982958, -93.050705, -294.261653, 967.807928, -0.865946, 1.116445, 0.261329, image00081.jpg
3260.517359, -84.317158, -290.695714, 967.650939, -0.832675, 1.182176, 0.289958, image00082.jpg
3302.402735, -71.823050, -285.588657, 967.588353, -0.878140, 1.208069, 0.366087, image00083.jpg
3326.327801, -69.724108, -284.753959, 967.562833, -0.884097, 1.191036, 0.368433, image00084.jpg
3378.479004, -56.807664, -279.552643, 967.734588, -0.852720, 1.146577, 0.249017, image00085.jpg
3401.871443, -55.283487, -278.917065, 967.758953, -0.832459, 1.149683, 0.271341, image00086.jpg
3426.110029, -38.980718, -272.225494, 968.073911, -0.887060, 1.108360, 0.246496, image00087.jpg
3461.199999, -36.513887, -271.260492, 968.210399, -0.885285, 1.006790, 0.150152, image00088.jpg
3501.288176, -25.344012, -266.629790, 968.364801, -0.921615, 1.043587, 0.261532, image00089.jpg
3532.870054, -14.533454, -262.141871, 968.625377, -0.853854, 1.021619, 0.284927, image00090.jpg
3569.641352, 0.635685, -255.833738, 968.983572, -0.869748, 1.043662, 0.249957, image00091.jpg
3604.201078, 2.876027, -254.918866, 969.024734, -0.895524, 1.054897, 0.246192, image00092.jpg
3631.232500, 24.459312, -245.787943, 969.509500, -0.849590, 1.009999, 0.275671, image00093.jpg
3664.354563, 33.297564, -242.119350, 969.679494, -0.849191, 0.984535, 0.300750, image00094.jpg
3695.954561, 36.161947, -240.888411, 969.733829, -0.809398, 0.977936, 0.247507, image00095.jpg
3747.022152, 53.894036, -233.165396, 969.934517, -0.922850, 1.045992, 0.285490, image00096.jpg
3769.793987, 69.565658, -226.261744, 970.191245, -0.868303, 1.014396, 0.283104, image00097.jpg
3797.483683, 83.977615, -220.062985, 970.363639, -0.913712, 0.950474, 0.274100, image00098.jpg
3840.448141, 99.661628, -212.957685, 970.591682, -0.783764, 0.884258, 0.239459, image00099.jpg
3896.769285, 118.553227, -204.371242, 970.858069, -0.874169, 0.935327, 0.245923, image00100.jpg
3913.799047, 126.209132, -200.861446, 970.983659, -0.882623, 0.936819, 0.247733, image00101.jpg
3927.075863, 132.177861, -198.125123, 971.081572, -0.889214, 0.937983, 0.249144, image00102.jpg
3971.086502, 151.963298, -189.054628, 971.406140, -0.911062, 0.941839, 0.253823, image00103.jpg
4004.775047, 166.744701, -182.243461, 971.686102, -0.929213, 0.940448, 0.250950, image00104.jpg
4034.418583, 178.621285, -176.660213, 972.030394, -0.949619, 0.925724, 0.228366, image00105.jpg
4072.287083, 190.529350, -171.054724, 972.365194, -0.964418, 0.910096, 0.201948, image00106.jpg
4128.259659, 213.804757, -159.994304, 973.102392, -0.941006, 0.823464, 0.137871, image00107.jpg
4141.848564, 215.259540, -159.275841, 973.141889, -0.948280, 0.833908, 0.139537, image00108.jpg
4167.778730, 237.981326, -148.411581, 974.146443, -0.930064, 0.731371, -0.044567, image00109.jpg
4194.125414, 241.026850, -146.883593, 974.243704, -0.935989, 0.719587, -0.059739, image00110.jpg
4221.888065, 260.740820, -136.928048, 975.075147, -0.998880, 0.727449, -0.086399, image00111.jpg
4273.752928, 288.267407, -122.788838, 976.411900, -0.989301, 0.677082, -0.113064, image00112.jpg
4324.871302, 303.739085, -114.818411, 977.216857, -1.020183, 0.645036, -0.052919, image00113.jpg
4333.756924, 304.734903, -114.290822, 977.294744, -1.030234, 0.641686, -0.064008, image00114.jpg
4362.832069, 321.279375, -105.602963, 978.243856, -0.932888, 0.662625, -0.069665, image00115.jpg
4392.885447, 325.959378, -103.109886, 978.521243, -0.906299, 0.665472, -0.065495, image00116.jpg
4440.012693, 350.752480, -89.967204, 980.235796, -1.007810, 0.671183, -0.027807, image00117.jpg
4462.695837, 372.045629, -78.369730, 981.586835, -0.907893, 0.639408, -0.088509, image00118.jpg
4507.048845, 403.661405, -61.099730, 983.778433, -0.969982, 0.702204, -0.085995, image00119.jpg
4528.678656, 407.081086, -59.198856, 984.048602, -0.946379, 0.660054, -0.128988, image00120.jpg
4591.675282, 428.983541, -47.096747, 985.433475, -0.820598, 0.540205, -0.147955, image00121.jpg
4594.254494, 429.589725, -46.757856, 985.465625, -0.821312, 0.540904, -0.147572, image00122.jpg
4638.217688, 458.497397, -30.780267, 987.293458, -0.899290, 0.531698, -0.242983, image00123.jpg
4667.630196, 471.901483, -23.143809, 987.924300, -0.795533, 0.434981, -0.217985, image00124.jpg
4690.332174, 474.708695, -21.565161, 988.042368, -0.788254, 0.414758, -0.218751, image00125.jpg
4718.370438, 503.057156, -5.416039, 989.275257, -1.009624, 0.568759, -0.240060, image00126.jpg
4768.272400, 534.717271, 13.055727, 990.448695, -0.920093, 0.496123, -0.237796, image00127.jpg
4786.582232, 537.224405, 14.508364, 990.529661, -0.935100, 0.511170, -0.245253, image00128.jpg
4835.191011, 558.155315, 26.814163, 991.060402, -0.925655, 0.534964, -0.275120, image00129.jpg
4854.017258, 560.074946, 27.956776, 991.137539, -0.895805, 0.534182, -0.280887, image00130.jpg
4906.442881, 601.320602, 52.891595, 991.912861, -0.843662, 0.445314, -0.341314, image00131.jpg
4934.902906, 604.602962, 54.887255, 991.944385, -0.831237, 0.436402, -0.340513, image00132.jpg
5001.787186, 647.137481, 81.280628, 992.065750, -0.811456, 0.271963, -0.425250, image00133.jpg
5047.651291, 673.482793, 98.124430, 991.809596, -0.684578, 0.314028, -0.417030, image00134.jpg
5076.255322, 678.548433, 101.388509, 991.775833, -0.720497, 0.291799, -0.434371, image00135.jpg
5081.412792, 679.202265, 101.807220, 991.770566, -0.725052, 0.287587, -0.438602, image00136.jpg
5137.228489, 700.543029, 115.569244, 991.456898, -0.765033, 0.259412, -0.484547, image00137.jpg
5142.422438, 715.534846, 125.461181, 991.053909, -0.681260, 0.252875, -0.440002, image00138.jpg
5175.164461, 719.713526, 128.213836, 990.944922, -0.698224, 0.250571, -0.446330, image00139.jpg
5197.743177, 737.564057, 140.116420, 990.483994, -0.817280, 0.183891, -0.464009, image00140.jpg
5225.201368, 742.842065, 143.664818, 990.392437, -0.787336, 0.203295, -0.473199, image00141.jpg
5261.798382, 766.723141, 159.901483, 989.556874, -0.723125, 0.089239, -0.497928, image00142.jpg
5295.537710, 789.226472, 175.467164, 988.655102, -0.757121, 0.062751, -0.493403, image00143.jpg
5330.277920, 805.842493, 187.324883, 987.902300, -0.719790, -0.001440, -0.473220, image00144.jpg
5363.658190, 815.490733, 194.112640, 987.372655, -0.736163, 0.044888, -0.536022, image00145.jpg
5403.848886, 827.460924, 202.621089, 986.763476, -0.708200, 0.120613, -0.559556, image00146.jpg
5483.925343, 870.526294, 234.777470, 983.924987, -0.864390, -0.086795, -0.598492, image00147.jpg
5522.918940, 895.777976, 254.471723, 981.990733, -0.912624, -0.069808, -0.576403, image00148.jpg
5543.078661, 898.751879, 256.850745, 981.745413, -0.946680, -0.088689, -0.586816, image00149.jpg
5551.303148, 900.094769, 257.928167, 981.635055, -0.966124, -0.112356, -0.595319, image00150.jpg
5627.956390, 933.606338, 285.801153, 979.062804, -0.847519, -0.147432, -0.448252, image00151.jpg
5651.841164, 935.984251, 287.838726, 978.839827, -0.862586, -0.156334, -0.458038, image00152.jpg
5660.851479, 936.881298, 288.607383, 978.755711, -0.868271, -0.159692, -0.461730, image00153.jpg
5668.125153, 953.590561, 303.192838, 977.356302, -0.896852, -0.221613, -0.479055, image00154.jpg
5711.904526, 972.125998, 319.755891, 975.829847, -0.889882, -0.276276, -0.400788, image00155.jpg
5737.541676, 978.848087, 325.849558, 975.382763, -0.990087, -0.233886, -0.377314, image00156.jpg
5771.727085, 989.799835, 336.047625, 974.492061, -1.131721, -0.266054, -0.393517, image00157.jpg
5803.796768, 992.448783, 338.619988, 974.320486, -1.147162, -0.350838, -0.414270, image00158.jpg
5844.391108, 1010.888147, 356.521882, 973.156358, -0.969717, -0.431643, -0.405237, image00159.jpg
5857.770205, 1025.967043, 371.825281, 972.135319, -1.123970, -0.360136, -0.360472, image00160.jpg
5918.220758, 1047.518748, 394.970277, 970.836796, -1.071960, -0.518921, -0.337885, image00161.jpg
5931.950092, 1048.637762, 396.192648, 970.772053, -1.101923, -0.503408, -0.331540, image00162.jpg
5984.898329, 1064.657857, 414.308581, 969.903015, -1.125704, -0.456150, -0.301962, image00163.jpg
6055.768728, 1089.679840, 444.875403, 968.823076, -1.188001, -0.521020, -0.256144, image00164.jpg
6084.243298, 1099.740378, 457.608351, 968.577422, -1.185161, -0.467284, -0.277788, image00165.jpg
6092.429638, 1100.345961, 458.450418, 968.528383, -1.178284, -0.480931, -0.278374, image00166.jpg
6129.004002, 1111.372143, 473.610464, 968.227164, -1.100407, -0.573892, -0.234452, image00167.jpg
6222.053051, 1135.717604, 509.535347, 968.035307, -1.160243, -0.517296, -0.177297, image00168.jpg
6241.130829, 1136.841731, 511.294373, 968.038499, -1.153933, -0.505894, -0.158529, image00169.jpg
6250.755072, 1143.522389, 522.151751, 967.893534, -1.103618, -0.620126, -0.187480, image00170.jpg
6328.741074, 1156.036780, 543.842215, 967.597854, -1.167983, -0.764781, -0.253276, image00171.jpg
6390.515804, 1175.946449, 581.588070, 968.096543, -1.168825, -0.685796, -0.181199, image00172.jpg
6395.328283, 1176.194220, 582.097662, 968.104240, -1.172075, -0.681579, -0.177368, image00173.jpg
6445.282459, 1184.699032, 600.038982, 968.502955, -1.173423, -0.559412, -0.133246, image00174.jpg
6483.431339, 1193.257023, 619.902508, 968.719034, -1.097363, -0.592873, -0.150593, image00175.jpg
6533.767939, 1203.432111, 645.828813, 968.664104, -1.251374, -0.602363, -0.112096, image00176.jpg
6572.891712, 1204.902724, 650.113986, 968.393720, -1.280580, -0.722468, -0.172885, image00177.jpg
6581.150293, 1205.916264, 653.145339, 968.399447, -1.276355, -0.730722, -0.176729, image00178.jpg
6672.308922, 1219.674938, 695.523477, 968.475578, -1.374213, -0.709015, -0.167319, image00179.jpg
6817.179441, 1235.268938, 767.614352, 968.861680, -1.232090, -0.870974, -0.180475, image00180.jpg
6905.183315, 1243.089301, 808.278280, 969.040003, -1.184222, -0.932426, -0.186819, image00181.jpg
7046.134710, 1248.909624, 881.971496, 969.778095, -1.225430, -0.877840, -0.141818, image00182.jpg
7178.374290, 1249.528237, 943.525792, 971.712662, -1.288695, -0.961026, -0.114470, image00183.jpg
7249.921322, 1249.218018, 973.031342, 972.656764, -1.246109, -0.994186, -0.118462, image00184.jpg
7356.245995, 1244.843937, 1028.923629, 974.621802, -1.243469, -0.959762, -0.098072, image00185.jpg
7435.864449, 1238.782098, 1074.331189, 975.749584, -1.051955, -1.016069, -0.128094, image00186.jpg
7538.104773, 1229.727671, 1127.137181, 977.007651, -0.961696, -0.876043, -0.174244, image00187.jpg
7682.614803, 1211.613651, 1208.140244, 978.025985, -0.920304, -0.901000, -0.208150, image00188.jpg
7763.790131, 1200.754546, 1249.066032, 978.390799, -0.889431, -0.949254, -0.243739, image00189.jpg
7878.255844, 1184.770691, 1301.579188, 978.196666, -0.858449, -1.037698, -0.295726, image00190.jpg
8007.767677, 1158.676307, 1379.876142, 977.634248, -0.648386, -1.076162, -0.442197, image00191.jpg
8108.184814, 1136.372735, 1435.067678, 976.396267, -0.565818, -1.060637, -0.398545, image00192.jpg
8201.646805, 1100.248093, 1477.046222, 977.172725, -0.517671, -1.049277, -0.374414, image00193.jpg
10068.053246, 378.850395, 2315.344493, 992.678336, 0.443813, -0.822418, 0.107483, image00194.jpg
10131.749153, 327.474378, 2339.942878, 993.783641, 0.494676, -0.769904, 0.100894, image00195.jpg
10258.986950, 268.589210, 2364.014849, 994.005598, 0.496418, -0.692409, 0.091458, image00196.jpg
10361.024857, 206.238712, 2388.355218, 993.934186, 0.540974, -0.589669, 0.050269, image00197.jpg
10466.857910, 147.411847, 2406.297041, 992.789845, 0.505477, -0.491257, 0.052152, image00198.jpg
10560.155869, 98.278456, 2417.986984, 991.483248, 0.579840, -0.582473, 0.053052, image00199.jpg
10665.690660, 41.148609, 2426.487556, 990.513042, 0.570401, -0.564365, 0.049565, image00200.jpg
10800.556183, -31.859037, 2437.350648, 989.273191, 0.558339, -0.541223, 0.045110, image00201.jpg
10893.316507, -82.154570, 2441.078453, 989.003321, 0.548843, -0.522106, 0.040615, image00202.jpg
10987.806797, -133.581082, 2435.953454, 990.117594, 0.536312, -0.495004, 0.032631, image00203.jpg
11094.974756, -191.907438, 2430.140839, 991.381366, 0.522100, -0.464267, 0.023575, image00204.jpg
11188.166618, -242.627278, 2425.086265, 992.480327, 0.509741, -0.437538, 0.015700, image00205.jpg
11299.697161, -303.327978, 2419.037030, 993.795545, 0.494950, -0.405550, 0.006276, image00206.jpg
11430.871010, -374.719583, 2411.922375, 995.342407, 0.477554, -0.367927, -0.004808, image00207.jpg
11527.805805, -427.302457, 2404.243858, 996.777580, 0.465487, -0.377837, -0.005658, image00208.jpg
11626.498461, -477.692912, 2389.819406, 999.151702, 0.430809, -0.281925, 0.008038, image00209.jpg
11725.718021, -530.405891, 2372.664157, 1001.695464, 0.385280, -0.231343, -0.017179, image00210.jpg
11830.011129, -580.780005, 2354.258839, 1003.777655, 0.390542, -0.220848, -0.036480, image00211.jpg
11963.156462, -655.470316, 2323.366719, 1005.606930, 0.390834, -0.273833, -0.021466, image00212.jpg
12029.705524, -683.332710, 2310.455774, 1005.762572, 0.344976, -0.233561, -0.046828, image00213.jpg
12165.632010, -756.489626, 2275.435673, 1005.468785, 0.353732, -0.239202, -0.088646, image00214.jpg
12229.693651, -789.370768, 2258.351921, 1004.599699, 0.389940, -0.361647, -0.085808, image00215.jpg
12366.404295, -860.277284, 2218.903444, 1001.902644, 0.383492, -0.312397, -0.113912, image00216.jpg
12464.824677, -908.232992, 2190.172761, 999.212172, 0.311041, -0.189031, -0.099262, image00217.jpg
12650.012970, -989.632656, 2137.176344, 993.962199, 0.433707, -0.173761, -0.040789, image00218.jpg
12763.712406, -1045.433611, 2097.650225, 990.459073, 0.427387, -0.085441, 0.032536, image00219.jpg
12894.857407, -1094.660139, 2058.728071, 987.621289, 0.442023, -0.076049, 0.061443, image00220.jpg
13030.457973, -1156.774481, 2007.203437, 983.952709, 0.409415, -0.025029, 0.063034, image00221.jpg
13193.120956, -1225.652263, 1942.470704, 979.348160, 0.472066, 0.167099, 0.060063, image00222.jpg
13325.486183, -1274.210792, 1888.719201, 975.416910, 0.445252, 0.153251, 0.056036, image00223.jpg
13480.309010, -1325.629120, 1829.612316, 971.270656, 0.427524, 0.153210, 0.054103, image00224.jpg
13595.827579, -1364.211635, 1778.447194, 968.497617, 0.462667, 0.158856, 0.051404, image00225.jpg
13740.552425, -1407.209409, 1713.883275, 965.962017, 0.364672, 0.302420, 0.068014, image00226.jpg
13896.187782, -1450.701698, 1639.610802, 964.662836, 0.357398, 0.361985, 0.028638, image00227.jpg
14027.247429, -1479.917948, 1582.303257, 964.895996, 0.341273, 0.443198, 0.027095, image00228.jpg
14164.569855, -1508.748919, 1516.245646, 966.278362, 0.336586, 0.364990, 0.057940, image00229.jpg
14292.582035, -1528.085787, 1462.701300, 967.887771, 0.300183, 0.417253, -0.021820, image00230.jpg
14438.719988, -1555.635713, 1381.831874, 970.239163, 0.240830, 0.547195, -0.147517, image00231.jpg
14588.294506, -1575.782488, 1303.874699, 971.260087, 0.210817, 0.587479, -0.193999, image00232.jpg
14690.396786, -1586.143127, 1251.854107, 971.160693, 0.184374, 0.654277, -0.190602, image00233.jpg
14854.027271, -1596.414163, 1176.771650, 970.166617, 0.180706, 0.687454, -0.265809, image00234.jpg
15009.442329, -1606.433855, 1091.579720, 968.979834, 0.093389, 0.734393, -0.266139, image00235.jpg
15124.589443, -1608.659366, 1038.705083, 968.463398, 0.083863, 0.748535, -0.333407, image00236.jpg
15265.015364, -1605.685845, 962.268652, 970.262013, 0.072650, 0.795296, -0.303087, image00237.jpg
15390.595675, -1602.985870, 893.967230, 971.888194, 0.062974, 0.836679, -0.276119, image00238.jpg
15562.880993, -1589.763088, 812.921517, 978.250392, 0.131935, 0.792186, -0.273364, image00239.jpg
15758.051395, -1572.803176, 714.822050, 986.225234, 0.158585, 0.779292, -0.314740, image00240.jpg
15936.699390, -1544.650459, 611.766228, 996.405433, 0.187461, 0.725382, -0.390525, image00241.jpg
16094.248056, -1519.598747, 538.298875, 1002.256506, 0.046923, 0.855389, -0.311334, image00242.jpg
16220.498323, -1492.094551, 482.034711, 1004.854080, 0.022890, 0.849987, -0.276520, image00243.jpg
16398.599625, -1453.294372, 402.662831, 1008.518478, -0.011014, 0.842367, -0.227409, image00244.jpg
16589.347363, -1411.739108, 317.654994, 1012.443073, -0.047325, 0.834205, -0.174810, image00245.jpg
16854.969263, -1331.225146, 168.384578, 1018.451976, -0.157931, 0.851030, -0.092525, image00246.jpg
17029.861450, -1277.284316, 91.918883, 1019.278498, -0.238460, 0.835535, -0.059519, image00247.jpg
17159.767389, -1221.236615, 18.257239, 1018.836093, -0.408648, 0.846093, -0.020802, image00248.jpg
17331.918955, -1160.871526, -48.923008, 1015.823548, -0.554596, 0.796550, 0.040227, image00249.jpg
17529.008150, -1078.436678, -136.323831, 1011.274763, -0.800055, 0.707937, 0.088497, image00250.jpg
17767.105341, -974.677158, -215.487593, 1002.213149, -0.903474, 0.599456, 0.154183, image00251.jpg
17956.497192, -893.132094, -274.698520, 995.392900, -0.972166, 0.518459, 0.187334, image00252.jpg
18099.627972, -835.686647, -303.559289, 991.877217, -0.966720, 0.479621, 0.131672, image00253.jpg
18228.582382, -769.376057, -334.055137, 988.493945, -1.005658, 0.543439, 0.076572, image00254.jpg
18392.713785, -688.494266, -361.613167, 986.813787, -1.017505, 0.553357, 0.047075, image00255.jpg
18597.872972, -585.286543, -385.547282, 986.233345, -1.110817, 0.863089, 0.255320, image00256.jpg
18789.371967, -483.499697, -399.475065, 985.641963, -1.055248, 0.812414, 0.084592, image00257.jpg
18988.048077, -379.209642, -399.802715, 986.588675, -1.009906, 0.726934, 0.035717, image00258.jpg
19224.612236, -255.031203, -400.192847, 987.715926, -0.955918, 0.625152, -0.022479, image00259.jpg
19403.971195, -145.439974, -397.620074, 989.143372, -0.960491, 0.514636, -0.079749, image00260.jpg
19598.493814, -33.260445, -384.528823, 991.146725, -1.027577, 0.472049, -0.073622, image00261.jpg
19790.417910, 73.315859, -366.239128, 992.013027, -1.073587, 0.368811, 0.019853, image00262.jpg
19966.635704, 172.576924, -344.232341, 992.428753, -1.143101, 0.296021, 0.014846, image00263.jpg
20136.552811, 269.285144, -317.480175, 993.366638, -1.131915, 0.205400, 0.020352, image00264.jpg
20259.780407, 336.901166, -295.265955, 994.008149, -1.150694, 0.211147, 0.100025, image00265.jpg
20469.791174, 443.965951, -253.622033, 994.977052, -1.252801, 0.109005, 0.114366, image00266.jpg
20703.735590, 562.851337, -196.656371, 995.150291, -1.145058, 0.076360, 0.142436, image00267.jpg
20857.849598, 634.116783, -155.451452, 994.943208, -1.301000, -0.001756, 0.220822, image00268.jpg
20991.149187, 702.570939, -110.086574, 994.771572, -1.200829, -0.037504, 0.308535, image00269.jpg
21137.469292, 759.587765, -65.823703, 994.612900, -1.225114, -0.074688, 0.331626, image00270.jpg
21302.432537, 818.709188, -3.467238, 993.749510, -1.163465, -0.083758, 0.328356, image00271.jpg
21430.427790, 864.581597, 44.915246, 993.079603, -1.115631, -0.090796, 0.325819, image00272.jpg
21587.627172, 920.920518, 104.336955, 992.256847, -1.056883, -0.099439, 0.322703, image00273.jpg
21769.449711, 994.534508, 193.910783, 991.222738, -1.049339, -0.155045, 0.323387, image00274.jpg
21956.362724, 1043.029897, 278.270437, 991.371771, -0.983310, -0.132603, 0.304535, image00275.jpg
22139.859676, 1093.578347, 369.246205, 991.861632, -0.835269, -0.130248, 0.284747, image00276.jpg
22263.406038, 1124.646266, 438.370885, 993.605300, -0.760688, -0.155043, 0.244495, image00277.jpg
22430.668831, 1149.331894, 516.827138, 993.720516, -0.804726, -0.251286, 0.236109, image00278.jpg
22656.520128, 1182.664358, 622.764904, 993.876089, -0.864190, -0.381241, 0.224786, image00279.jpg
22891.212225, 1219.493628, 748.949889, 992.557756, -0.829764, -0.568105, 0.117433, image00280.jpg
23027.175426, 1229.978217, 814.332281, 988.157807, -0.867174, -0.549129, -0.136431, image00281.jpg
23206.416368, 1239.037052, 898.040153, 982.689809, -0.900839, -0.730135, -0.241082, image00282.jpg
23325.330973, 1241.693716, 960.910438, 979.380976, -0.978510, -0.792180, -0.232441, image00283.jpg
23527.789354, 1240.430401, 1060.737155, 977.038657, -0.875862, -0.914069, -0.310693, image00284.jpg
23703.768015, 1232.545512, 1149.822747, 976.632134, -0.942680, -0.955547, -0.403591, image00285.jpg
23902.251720, 1217.154476, 1243.311770, 976.361744, -0.730469, -0.897310, -0.408351, image00286.jpg
24028.898239, 1202.513591, 1305.822562, 975.884641, -0.582976, -0.960401, -0.537200, image00287.jpg
24161.949158, 1184.052867, 1367.790169, 974.684343, -0.604934, -0.908996, -0.479205, image00288.jpg
24329.703808, 1154.888113, 1446.499625, 972.367206, -0.585914, -1.050131, -0.502761, image00289.jpg
24532.403469, 1114.221610, 1531.839320, 970.109077, -0.583341, -0.973799, -0.473703, image00290.jpg
24692.822456, 1073.108155, 1610.553052, 968.010906, -0.459457, -1.028339, -0.411799, image00291.jpg
24969.227314, 985.719642, 1739.008056, 966.204304, -0.291535, -1.155661, -0.311648, image00292.jpg
25165.332079, 914.491225, 1823.878541, 967.294695, -0.217416, -1.123584, -0.267317, image00293.jpg
25322.106361, 857.867379, 1881.140751, 969.189675, -0.238020, -1.044415, -0.280530, image00294.jpg
25560.305834, 754.227855, 1983.558518, 973.252529, -0.217036, -0.889403, -0.333517, image00295.jpg
25771.429300, 659.893858, 2065.152845, 980.860243, -0.024828, -1.010325, -0.218658, image00296.jpg
25929.380417, 581.746629, 2127.386134, 987.964586, -0.020567, -0.931918, -0.189846, image00297.jpg
26099.164486, 499.690057, 2187.079886, 994.346168, 0.177228, -0.831549, -0.209556, image00298.jpg
26258.324862, 421.677107, 2238.077450, 998.612056, 0.305547, -0.829796, -0.206627, image00299.jpg
26435.704231, 329.259897, 2291.214143, 1000.751832, 0.387785, -0.763543, -0.150556, image00300.jpg
26598.371506, 242.994449, 2333.848449, 1001.267959, 0.400303, -0.658106, -0.088242, image00301.jpg
26764.782429, 156.303094, 2370.432682, 1001.077528, 0.456248, -0.568928, 0.031694, image00302.jpg
26958.258629, 36.446546, 2409.937437, 997.802452, 0.439848, -0.428668, 0.159600, image00303.jpg
27124.966621, -53.724618, 2431.988187, 994.360570, 0.528054, -0.467763, 0.221396, image00304.jpg
27295.104027, -143.282686, 2441.688779, 992.318500, 0.581373, -0.408392, 0.291633, image00305.jpg
27425.019026, -211.668214, 2449.096042, 990.759198, 0.622087, -0.363056, 0.345266, image00306.jpg
27606.668234, -322.627833, 2456.457701, 989.058035, 0.717143, -0.292465, 0.435724, image00307.jpg
27835.209370, -450.179473, 2443.795048, 990.339688, 0.663479, -0.186796, 0.498245, image00308.jpg
27995.728970, -531.801040, 2423.202088, 992.101184, 0.633502, -0.125782, 0.465255, image00309.jpg
28201.706409, -646.042858, 2390.256811, 994.655596, 0.626599, -0.068837, 0.399682, image00310.jpg
28364.816666, -726.060418, 2351.202556, 996.725746, 0.643824, -0.124238, 0.321272, image00311.jpg
28571.170568, -845.125552, 2289.810463, 1000.200497, 0.621580, -0.130269, 0.170022, image00312.jpg
28835.788250, -966.078536, 2200.444747, 1005.209905, 0.470586, -0.060464, 0.078639, image00313.jpg
28994.204044, -1029.539838, 2142.740582, 1005.251162, 0.463180, -0.058886, 0.026808, image00314.jpg
29189.634323, -1119.736323, 2057.912858, 1004.252530, 0.408179, -0.010846, -0.032526, image00315.jpg
29371.396780, -1183.888308, 1985.326005, 999.644821, 0.368855, 0.070654, -0.066363, image00316.jpg
29496.054649, -1233.442396, 1923.389913, 995.643729, 0.185251, 0.137487, -0.129254, image00317.jpg
29726.070881, -1310.154224, 1817.028214, 989.722544, 0.263816, 0.142473, -0.145153, image00318.jpg
29894.065857, -1352.878226, 1747.225939, 986.616648, 0.169503, 0.184416, -0.178859, image00319.jpg
30061.028957, -1404.493641, 1660.805830, 982.607111, 0.164099, 0.169237, -0.163720, image00320.jpg
30257.110596, -1447.363457, 1575.840073, 977.075908, 0.112978, 0.259569, -0.098191, image00321.jpg
30434.128046, -1482.249040, 1490.964788, 970.960850, 0.100396, 0.361877, -0.012323, image00322.jpg
30626.662731, -1519.060769, 1399.972813, 964.574901, 0.087038, 0.464391, 0.069784, image00323.jpg
30802.078247, -1539.766688, 1331.514633, 961.820804, 0.080644, 0.458241, 0.017894, image00324.jpg
31009.947538, -1565.731380, 1214.416895, 961.138531, 0.110594, 0.575567, -0.014014, image00325.jpg
31193.542957, -1577.732808, 1128.479553, 962.060959, 0.244083, 0.492551, -0.001873, image00326.jpg
31361.157179, -1581.094437, 1045.599326, 961.260960, 0.152014, 0.584993, -0.045579, image00327.jpg
31558.699369, -1583.445653, 949.094622, 960.042930, 0.112155, 0.626392, -0.130038, image00328.jpg
31722.781420, -1576.905480, 878.891366, 958.179489, 0.095285, 0.666820, -0.242580, image00329.jpg
31933.338165, -1563.759519, 775.027968, 956.137879, 0.145241, 0.634915, -0.340736, image00330.jpg
32088.464022, -1546.443443, 702.597899, 957.099934, 0.154971, 0.647533, -0.358431, image00331.jpg
32296.699762, -1521.785838, 601.813849, 958.767512, 0.149919, 0.677896, -0.384830, image00332.jpg
32489.854813, -1483.775838, 510.510332, 968.050266, 0.110407, 0.772996, -0.310571, image00333.jpg
32661.410809, -1450.016207, 429.416590, 976.295000, 0.075314, 0.857461, -0.244615, image00334.jpg
32861.570597, -1409.707466, 337.728509, 985.911025, 0.009846, 0.937213, -0.156708, image00335.jpg
33058.425665, -1353.887705, 243.784493, 996.807634, -0.052634, 0.877357, -0.011241, image00336.jpg
33226.862431, -1300.801830, 165.941039, 1003.459785, -0.197790, 0.810662, 0.065595, image00337.jpg
33426.315308, -1235.036801, 85.936245, 1005.775403, -0.327002, 0.777371, 0.181183, image00338.jpg
33632.151127, -1154.909517, -7.800809, 1008.003346, -0.422141, 0.729698, 0.332652, image00339.jpg
33825.075388, -1077.698651, -83.104410, 1008.611395, -0.582121, 0.713497, 0.286265, image00340.jpg
34019.449234, -999.072547, -146.600255, 1009.461887, -0.666474, 0.602334, 0.262139, image00341.jpg
34192.544937, -928.030725, -202.697971, 1010.196632, -0.738640, 0.509164, 0.234969, image00342.jpg
34400.989294, -816.157459, -272.214940, 1010.456939, -0.845917, 0.456633, 0.146632, image00343.jpg
34557.319641, -744.056169, -308.414853, 1008.893413, -0.858248, 0.571568, 0.164901, image00344.jpg
34758.224726, -640.017495, -350.427920, 1005.970094, -0.979368, 0.879977, 0.364452, image00345.jpg
34954.876900, -555.403509, -375.592734, 1004.318721, -0.976548, 0.735243, 0.276712, image00346.jpg
35155.797720, -446.414704, -396.894032, 1002.668670, -1.103346, 0.580687, 0.206861, image00347.jpg
35327.332258, -340.837920, -415.635653, 1001.399919, -1.178824, 0.478788, 0.132396, image00348.jpg
35525.463820, -227.845919, -419.813500, 1004.151948, -1.206548, 0.230837, 0.102058, image00349.jpg
35694.407701, -142.535025, -414.733368, 1007.669106, -1.269629, 0.256991, 0.035319, image00350.jpg
35901.586533, -40.620575, -400.196486, 1011.641537, -1.212319, 0.293818, 0.126631, image00351.jpg
36097.424984, 63.951870, -375.689190, 1014.383911, -1.144078, 0.397665, 0.178174, image00352.jpg
36288.661242, 148.181623, -348.568673, 1014.909061, -1.125259, 0.447558, 0.170034, image00353.jpg
36463.000059, 245.506893, -315.303209, 1014.675433, -0.890448, 0.405711, 0.120599, image00354.jpg
36700.767040, 362.042927, -266.732598, 1009.852980, -1.065881, 0.348764, 0.049376, image00355.jpg
36856.631756, 431.567180, -232.315448, 1005.049246, -1.156142, 0.303968, 0.020553, image00356.jpg
37058.499813, 533.422907, -179.932544, 997.565503, -1.147002, 0.156729, -0.061467, image00357.jpg
37225.716829, 612.296583, -131.882831, 990.274325, -1.167909, 0.141044, -0.031735, image00358.jpg
37404.630423, 690.812162, -77.779272, 983.166270, -1.100428, 0.169282, 0.028657, image00359.jpg
37606.783152, 774.573198, -11.165867, 977.512434, -1.098485, -0.003242, 0.129376, image00360.jpg
37757.094383, 825.554966, 36.315309, 975.016525, -1.075928, -0.051421, 0.172046, image00361.jpg
37934.288740, 895.760555, 106.348334, 972.273599, -1.016149, -0.245277, 0.119403, image00362.jpg
38126.159906, 960.693246, 183.324651, 973.344567, -1.036700, -0.173709, 0.386287, image00363.jpg
38336.290836, 1017.250774, 268.098666, 977.256815, -1.118509, -0.198323, 0.469866, image00364.jpg
38534.659147, 1068.306957, 365.533363, 983.209958, -1.059070, -0.210320, 0.354395, image00365.jpg
38690.199137, 1107.130453, 443.198255, 987.947364, -1.098329, -0.131559, 0.317282, image00366.jpg
38870.241642, 1132.392583, 533.765176, 989.451771, -1.074599, -0.238256, 0.229857, image00367.jpg
38989.392519, 1149.110885, 593.701734, 990.447376, -1.058894, -0.308867, 0.172000, image00368.jpg
39154.836178, 1172.324622, 676.924986, 991.829797, -1.037088, -0.406912, 0.091664, image00369.jpg
39374.248743, 1202.754677, 790.697364, 993.183476, -1.005710, -0.568307, -0.066573, image00370.jpg
39569.751978, 1212.277482, 885.669030, 990.635324, -1.068300, -0.720278, -0.120624, image00371.jpg
39727.242708, 1215.822471, 973.982905, 989.914772, -0.981420, -0.866753, -0.102713, image00372.jpg
39858.593225, 1212.781469, 1034.761994, 990.184987, -0.973033, -0.808892, -0.042042, image00373.jpg
40024.370432, 1206.853595, 1127.446323, 990.381409, -0.978833, -0.920599, 0.080899, image00374.jpg
40193.251133, 1190.693317, 1222.020482, 990.214503, -0.708013, -0.787450, 0.054211, image00375.jpg
40429.651499, 1159.791766, 1337.287407, 991.330415, -0.662705, -0.744819, 0.049054, image00376.jpg
40609.764099, 1131.890788, 1434.686572, 992.712259, -0.440998, -0.772416, -0.011737, image00377.jpg
40805.226803, 1086.863257, 1541.201340, 994.468757, -0.319286, -0.825352, -0.139650, image00378.jpg
40994.090796, 1031.237250, 1630.974216, 994.244074, -0.243194, -0.826168, -0.173855, image00379.jpg
41194.718122, 972.146594, 1726.338568, 994.005396, -0.162363, -0.827035, -0.210190, image00380.jpg
41355.966091, 924.654319, 1802.984697, 993.813566, -0.097398, -0.827732, -0.239393, image00381.jpg
41558.156252, 865.103363, 1899.091912, 993.573029, -0.015937, -0.828606, -0.276011, image00382.jpg
41701.782465, 820.512294, 1964.870927, 993.259049, 0.058194, -0.839509, -0.316543, image00383.jpg
41898.644447, 748.674296, 2042.777063, 992.147395, 0.238383, -0.904842, -0.441729, image00384.jpg
42030.193806, 696.971147, 2090.939160, 991.314689, 0.318451, -0.969512, -0.487672, image00385.jpg
42202.928782, 620.587212, 2152.583800, 989.884900, 0.326946, -1.004391, -0.465097, image00386.jpg
42365.241766, 552.289997, 2196.586549, 988.031275, 0.284183, -0.874807, -0.415437, image00387.jpg
42590.309143, 451.537147, 2259.721799, 984.913896, 0.260942, -0.810088, -0.349262, image00388.jpg
42756.529093, 397.608653, 2287.495116, 982.838043, 0.319273, -0.744276, -0.313889, image00389.jpg
42836.239576, 332.505906, 2315.162694, 981.040097, 0.333178, -0.758530, -0.236909, image00390.jpg
43027.455091, 234.593456, 2345.917846, 980.781599, 0.374245, -0.762870, -0.172811, image00391.jpg
43223.197699, 134.362895, 2377.401137, 980.516980, 0.416284, -0.767313, -0.107195, image00392.jpg
43391.048193, 26.020391, 2406.045531, 981.191314, 0.560016, -0.731147, -0.027061, image00393.jpg
43593.432665, -81.377462, 2413.387666, 984.715667, 0.594663, -0.577232, -0.008863, image00394.jpg
43797.298193, -201.977897, 2420.294248, 988.809058, 0.629723, -0.413104, -0.008775, image00395.jpg
43972.315073, -309.052811, 2410.184224, 993.482625, 0.517360, -0.315138, -0.040993, image00396.jpg
44157.967567, -403.896430, 2390.437851, 996.280655, 0.415688, -0.231891, -0.072229, image00397.jpg
44326.822042, -500.317482, 2369.280593, 998.997344, 0.351731, -0.187868, -0.108699, image00398.jpg
44523.978949, -616.096080, 2331.355854, 1001.441085, 0.266306, -0.087690, -0.087482, image00399.jpg
44736.975193, -725.017596, 2287.414801, 1002.912438, 0.240586, -0.060948, -0.051178, image00400.jpg
44928.264380, -822.925670, 2241.105304, 1003.863644, 0.446148, -0.237626, -0.026308, image00401.jpg
45130.417824, -913.841871, 2190.855681, 1005.205288, 0.378585, -0.157726, 0.006611, image00402.jpg
45287.288427, -984.388493, 2151.763264, 1006.231044, 0.327598, -0.096051, 0.032111, image00403.jpg
45487.504721, -1084.419683, 2084.888028, 1005.607562, 0.388867, -0.104852, 0.077774, image00404.jpg
45701.802731, -1171.183699, 2018.386283, 1002.268046, 0.494957, 0.075043, 0.135001, image00405.jpg
45859.757662, -1229.025732, 1966.788551, 998.780866, 0.554308, 0.165403, 0.201431, image00406.jpg
46079.795599, -1309.069417, 1878.265364, 993.271337, 0.604254, 0.270128, 0.200763, image00407.jpg
46261.879683, -1357.441787, 1805.110728, 989.995147, 0.590631, 0.290167, 0.136592, image00408.jpg
46459.905386, -1410.049199, 1725.551340, 986.432122, 0.575815, 0.311960, 0.066802, image00409.jpg
46625.728846, -1460.128923, 1644.047299, 983.276201, 0.624189, 0.329691, 0.018615, image00410.jpg
46835.747004, -1504.249646, 1541.441054, 980.706544, 0.562315, 0.453520, -0.030756, image00411.jpg
47032.752752, -1536.909640, 1449.172849, 978.247867, 0.444094, 0.596569, -0.056846, image00412.jpg
47236.538172, -1567.017367, 1329.837251, 975.644015, 0.403042, 0.603506, -0.062441, image00413.jpg
47394.360304, -1578.649464, 1251.052245, 975.222092, 0.344782, 0.630052, -0.023688, image00414.jpg
47591.189384, -1593.190092, 1148.991615, 974.797667, 0.312277, 0.637110, 0.008204, image00415.jpg
47756.702185, -1593.355980, 1058.578018, 977.545309, 0.222857, 0.687170, 0.009380, image00416.jpg
47989.057779, -1592.660731, 930.219948, 981.652705, 0.094667, 0.759548, 0.012766, image00417.jpg
48157.074690, -1580.248870, 819.617182, 987.798690, -0.030116, 0.837790, 0.037129, image00418.jpg
48324.516535, -1558.772791, 734.178784, 994.112365, -0.044447, 0.864703, 0.054693, image00419.jpg
48527.008533, -1532.801182, 630.855795, 1001.747666, -0.061778, 0.897250, 0.075933, image00420.jpg
48729.979038, -1498.626531, 511.497362, 1010.025114, -0.038848, 0.920514, 0.105659, image00421.jpg
48934.927940, -1448.474893, 413.014495, 1012.152458, -0.117050, 0.798782, 0.138126, image00422.jpg
49087.779999, -1411.071516, 339.565412, 1013.739043, -0.175374, 0.707994, 0.162341, image00423.jpg
49306.737661, -1346.467037, 218.323367, 1014.987722, -0.198375, 0.625940, 0.211495, image00424.jpg
49463.267326, -1302.383586, 156.927495, 1011.363181, -0.312175, 0.595740, 0.162247, image00425.jpg
49667.172432, -1230.665885, 61.661252, 1004.603282, -0.429973, 0.542082, 0.057687, image00426.jpg
49860.872746, -1168.215666, -5.866242, 996.648991, -0.490584, 0.502701, 0.009685, image00427.jpg
50073.356152, -1088.444859, -89.476843, 986.663841, -0.507303, 0.430249, -0.093270, image00428.jpg
50234.022141, -1024.359831, -145.379367, 979.684835, -0.606962, 0.483652, -0.130992, image00429.jpg
50423.888206, -946.926432, -204.932359, 973.571462, -0.681614, 0.476893, -0.200052, image00430.jpg
50591.135025, -888.233184, -243.968247, 971.036820, -0.659585, 0.451814, -0.135909, image00431.jpg
50770.539522, -810.746714, -284.684435, 971.872544, -0.761287, 0.495287, -0.042415, image00432.jpg
50960.884094, -724.316017, -329.624568, 972.964711, -0.857647, 0.524644, 0.047719, image00433.jpg
51159.660101, -611.301996, -369.657089, 979.020472, -0.975268, 0.738173, 0.222507, image00434.jpg
51358.138084, -510.522272, -394.406152, 984.910852, -0.956775, 0.560498, 0.193085, image00435.jpg
51537.364483, -420.901048, -406.037578, 988.345985, -0.995597, 0.506479, 0.178152, image00436.jpg
51731.388569, -324.651998, -416.432383, 989.717687, -1.029103, 0.413273, 0.160018, image00437.jpg
51889.390707, -249.756470, -414.977857, 980.237597, -1.017916, 0.180574, 0.136363, image00438.jpg
52095.996380, -154.079688, -412.497777, 966.731913, -0.996623, -0.111155, 0.106976, image00439.jpg
52273.213148, -76.911376, -402.459997, 937.584539, -0.910237, -0.239366, 0.087928, image00440.jpg
52455.756187, -13.351971, -390.209659, 901.393454, -0.794842, -0.387300, -0.002387, image00441.jpg
52625.264883, 44.656486, -375.948111, 856.086353, -0.593596, -0.606282, -0.043218, image00442.jpg
52656.225443, 57.378000, -372.395064, 844.102862, -0.547402, -0.604835, -0.067075, image00443.jpg
52690.161228, 74.948531, -367.445888, 825.769658, -0.529291, -0.661978, -0.187270, image00444.jpg
52724.601984, 81.188658, -365.477407, 818.862025, -0.476881, -0.641813, -0.056644, image00445.jpg
52756.542444, 82.859793, -364.925842, 816.931883, -0.457195, -0.624511, -0.041847, image00446.jpg
52793.441534, 94.715364, -361.090799, 801.962518, -0.435337, -0.592586, -0.053625, image00447.jpg
52825.396776, 108.138583, -356.752047, 784.866724, -0.416573, -0.572104, -0.069088, image00448.jpg
52859.225273, 111.206357, -355.747100, 780.827462, -0.395372, -0.596779, -0.041258, image00449.jpg
52889.693975, 119.552044, -352.954751, 768.817772, -0.368120, -0.631784, -0.010697, image00450.jpg
52941.154003, 133.474059, -348.049492, 746.911121, -0.348431, -0.657272, -0.031647, image00451.jpg
52959.963322, 143.249597, -344.479635, 730.218643, -0.331508, -0.678613, -0.075349, image00452.jpg
52995.401144, 146.614735, -343.240643, 724.234941, -0.341507, -0.677649, -0.054432, image00453.jpg
53025.696754, 151.163903, -341.519071, 715.679505, -0.349215, -0.678911, -0.039941, image00454.jpg
53072.094440, 163.555254, -336.684055, 690.935413, -0.348577, -0.684483, -0.040662, image00455.jpg
53099.855661, 167.099933, -335.254010, 683.394662, -0.341563, -0.689958, -0.053562, image00456.jpg
53122.861385, 168.057149, -334.854434, 681.207027, -0.336950, -0.682642, -0.055214, image00457.jpg
53160.907269, 174.079642, -332.180817, 666.912634, -0.325117, -0.671839, -0.074854, image00458.jpg
53210.154533, 185.524304, -326.786575, 637.259190, -0.239561, -0.708162, -0.105537, image00459.jpg
53223.097801, 188.331145, -325.419258, 629.602302, -0.207512, -0.724842, -0.111574, image00460.jpg
53257.205009, 195.544956, -321.894876, 609.776775, -0.128478, -0.769158, -0.129399, image00461.jpg
53292.017460, 200.216846, -319.457266, 594.720292, -0.127711, -0.819744, -0.175840, image00462.jpg
53322.201729, 202.766791, -318.048185, 586.334117, -0.114568, -0.812701, -0.136091, image00463.jpg
53358.891249, 206.464223, -315.802005, 572.902790, -0.101062, -0.791842, -0.052011, image00464.jpg
53391.022921, 210.340006, -313.619887, 558.747213, -0.166667, -0.800100, 0.030777, image00465.jpg
53423.346043, 212.081522, -312.463296, 550.895888, -0.160312, -0.816638, -0.043566, image00466.jpg
53461.614370, 217.205962, -308.894879, 526.029990, -0.137547, -0.770447, 0.009464, image00467.jpg
53489.718437, 217.734022, -308.520146, 523.271453, -0.148260, -0.757603, 0.015330, image00468.jpg
53525.476933, 220.176791, -306.513886, 507.952366, -0.094140, -0.769583, -0.031431, image00469.jpg
53565.313101, 223.088775, -303.921591, 486.111630, -0.133001, -0.685849, 0.003863, image00470.jpg
53588.763475, 223.690743, -303.305895, 480.618578, -0.134880, -0.700940, -0.014403, image00471.jpg
53621.388197, 224.959067, -301.658049, 465.044867, -0.138678, -0.692933, -0.047469, image00472.jpg
53668.007374, 226.753516, -299.324878, 442.986092, -0.143641, -0.681280, -0.094077, image00473.jpg
53691.977978, 226.921678, -299.031025, 439.864398, -0.126638, -0.666358, -0.091022, image00474.jpg
53723.220587, 227.140854, -298.648025, 435.795671, -0.104478, -0.646909, -0.087039, image00475.jpg
53759.458542, 227.395075, -298.203788, 431.076399, -0.078774, -0.624349, -0.082420, image00476.jpg
53796.485424, 227.726735, -296.232564, 407.980466, -0.172827, -0.648384, -0.098945, image00477.jpg
53825.388193, 227.851453, -294.892822, 391.459418, -0.246960, -0.652862, -0.098515, image00478.jpg
53873.504162, 227.321223, -293.677556, 374.468648, -0.155310, -0.548867, -0.072054, image00479.jpg
53894.376278, 226.622019, -293.039052, 363.506071, -0.140114, -0.565723, -0.094205, image00480.jpg
53923.024893, 226.470968, -292.987501, 361.029931, -0.195168, -0.533408, -0.107805, image00481.jpg
53960.242748, 225.386023, -292.531876, 348.204118, -0.211830, -0.500372, -0.103408, image00482.jpg
54006.201267, 223.472758, -292.313737, 333.744080, -0.181919, -0.602602, -0.068223, image00483.jpg
54025.200367, 221.951925, -292.424234, 324.846646, -0.226235, -0.614788, -0.005571, image00484.jpg
